,img_name,bbox,xy,img_folder
0,02_12_2024_IMG_0.jpg,"[380, 2170, 700, 2486]","[[0.4143337066069429, 0.1217877094972067], [0.5408734602463606, 0.8770949720670391], [0.1265397536394177, 0.5832402234636872], [0.8544232922732363, 0.39776536312849164]]",d3_02_12_2024
1,02_12_2024_IMG_1.jpg,"[92, 1982, 824, 2626]","[[0.42064372918978915, 0.13756613756613756], [0.5471698113207547, 0.8793650793650793], [0.12652608213096558, 0.5978835978835979], [0.8679245283018868, 0.4095238095238095], [0.5382907880133185, 0.5756613756613757]]",d3_02_12_2024
2,02_12_2024_IMG_10.jpg,"[92, 1982, 824, 2626]","[[0.42064372918978915, 0.13756613756613756], [0.5471698113207547, 0.8793650793650793], [0.12652608213096558, 0.5978835978835979], [0.8679245283018868, 0.4095238095238095], [0.48834628190899, 0.6190476190476191]]",d3_02_12_2024
3,02_12_2024_IMG_11.jpg,"[92, 1982, 824, 2626]","[[0.42064372918978915, 0.13756613756613756], [0.5471698113207547, 0.8793650793650793], [0.12652608213096558, 0.5978835978835979], [0.8679245283018868, 0.4095238095238095], [0.48834628190899, 0.6190476190476191], [0.655937846836848, 0.5121693121693122]]",d3_02_12_2024
4,02_12_2024_IMG_12.jpg,"[92, 1982, 824, 2626]","[[0.42064372918978915, 0.13756613756613756], [0.5471698113207547, 0.8793650793650793], [0.12652608213096558, 0.5978835978835979], [0.8679245283018868, 0.4095238095238095], [0.48834628190899, 0.6190476190476191], [0.655937846836848, 0.5121693121693122], [0.43951165371809103, 0.4444444444444444]]",d3_02_12_2024
5,02_12_2024_IMG_13.jpg,"[92, 1982, 824, 2626]","[[0.42064372918978915, 0.13756613756613756], [0.5471698113207547, 0.8793650793650793], [0.12652608213096558, 0.5978835978835979], [0.8679245283018868, 0.4095238095238095], [0.5782463928967814, 0.4793650793650794]]",d3_02_12_2024
6,02_12_2024_IMG_14.jpg,"[92, 1982, 824, 2626]","[[0.42064372918978915, 0.13756613756613756], [0.5471698113207547, 0.8793650793650793], [0.12652608213096558, 0.5978835978835979], [0.8679245283018868, 0.4095238095238095], [0.5782463928967814, 0.4793650793650794], [0.5915649278579356, 0.3978835978835979]]",d3_02_12_2024
7,02_12_2024_IMG_15.jpg,"[92, 1982, 824, 2626]","[[0.42064372918978915, 0.13756613756613756], [0.5471698113207547, 0.8793650793650793], [0.12652608213096558, 0.5978835978835979], [0.8679245283018868, 0.4095238095238095], [0.5782463928967814, 0.4793650793650794], [0.5915649278579356, 0.3978835978835979], [0.516093229744728, 0.4]]",d3_02_12_2024
8,02_12_2024_IMG_16.jpg,"[92, 1982, 824, 2626]","[[0.42064372918978915, 0.13756613756613756], [0.5471698113207547, 0.8793650793650793], [0.12652608213096558, 0.5978835978835979], [0.8679245283018868, 0.4095238095238095], [0.5760266370699223, 0.36084656084656086]]",d3_02_12_2024
9,02_12_2024_IMG_17.jpg,"[92, 1982, 824, 2626]","[[0.42064372918978915, 0.13756613756613756], [0.5471698113207547, 0.8793650793650793], [0.12652608213096558, 0.5978835978835979], [0.8679245283018868, 0.4095238095238095], [0.5782463928967814, 0.3566137566137566], [0.5749167591564928, 0.48148148148148145]]",d3_02_12_2024
10,02_12_2024_IMG_18.jpg,"[92, 1982, 824, 2626]","[[0.42064372918978915, 0.13756613756613756], [0.5471698113207547, 0.8793650793650793], [0.12652608213096558, 0.5978835978835979], [0.8679245283018868, 0.4095238095238095], [0.5782463928967814, 0.3566137566137566], [0.5749167591564928, 0.48148148148148145], [0.6082130965593785, 0.4984126984126984]]",d3_02_12_2024
11,02_12_2024_IMG_19.jpg,"[92, 1982, 824, 2626]","[[0.42064372918978915, 0.13756613756613756], [0.5471698113207547, 0.8793650793650793], [0.12652608213096558, 0.5978835978835979], [0.8679245283018868, 0.4095238095238095], [0.43729189789123196, 0.4624338624338624]]",d3_02_12_2024
12,02_12_2024_IMG_2.jpg,"[92, 1982, 824, 2626]","[[0.42064372918978915, 0.13756613756613756], [0.5471698113207547, 0.8793650793650793], [0.12652608213096558, 0.5978835978835979], [0.8679245283018868, 0.4095238095238095], [0.4051054384017758, 0.5153439153439153], [0.5405105438401776, 0.5767195767195767]]",d3_02_12_2024
13,02_12_2024_IMG_20.jpg,"[92, 1982, 824, 2626]","[[0.42064372918978915, 0.13756613756613756], [0.5471698113207547, 0.8793650793650793], [0.12652608213096558, 0.5978835978835979], [0.8679245283018868, 0.4095238095238095], [0.44173140954495005, 0.4455026455026455], [0.4361820199778024, 0.4603174603174603]]",d3_02_12_2024
14,02_12_2024_IMG_21.jpg,"[92, 1982, 824, 2626]","[[0.42064372918978915, 0.13756613756613756], [0.5471698113207547, 0.8793650793650793], [0.12652608213096558, 0.5978835978835979], [0.8679245283018868, 0.4095238095238095], [0.44173140954495005, 0.4455026455026455], [0.4361820199778024, 0.4603174603174603], [0.5516093229744728, 0.4603174603174603]]",d3_02_12_2024
15,02_12_2024_IMG_22.jpg,"[92, 1982, 824, 2626]","[[0.42064372918978915, 0.13756613756613756], [0.5471698113207547, 0.8793650793650793], [0.12652608213096558, 0.5978835978835979], [0.8679245283018868, 0.4095238095238095], [0.562708102108768, 0.5111111111111111]]",d3_02_12_2024
16,02_12_2024_IMG_23.jpg,"[92, 1982, 824, 2626]","[[0.42064372918978915, 0.13756613756613756], [0.5471698113207547, 0.8793650793650793], [0.12652608213096558, 0.5978835978835979], [0.8679245283018868, 0.4095238095238095], [0.562708102108768, 0.5111111111111111], [0.4439511653718091, 0.4687830687830688]]",d3_02_12_2024
17,02_12_2024_IMG_24.jpg,"[92, 1982, 824, 2626]","[[0.42064372918978915, 0.13756613756613756], [0.5471698113207547, 0.8793650793650793], [0.12652608213096558, 0.5978835978835979], [0.8679245283018868, 0.4095238095238095], [0.562708102108768, 0.5111111111111111], [0.4439511653718091, 0.4687830687830688], [0.4406215316315205, 0.6402116402116402]]",d3_02_12_2024
18,02_12_2024_IMG_25.jpg,"[92, 1982, 824, 2626]","[[0.42064372918978915, 0.13756613756613756], [0.5471698113207547, 0.8793650793650793], [0.12652608213096558, 0.5978835978835979], [0.8679245283018868, 0.4095238095238095], [0.5671476137624861, 0.5788359788359788]]",d3_02_12_2024
19,02_12_2024_IMG_26.jpg,"[92, 1982, 824, 2626]","[[0.42064372918978915, 0.13756613756613756], [0.5471698113207547, 0.8793650793650793], [0.12652608213096558, 0.5978835978835979], [0.8679245283018868, 0.4095238095238095], [0.5671476137624861, 0.5788359788359788], [0.47835738068812433, 0.4497354497354497]]",d3_02_12_2024
20,02_12_2024_IMG_27.jpg,"[92, 1982, 824, 2626]","[[0.42064372918978915, 0.13756613756613756], [0.5471698113207547, 0.8793650793650793], [0.12652608213096558, 0.5978835978835979], [0.8679245283018868, 0.4095238095238095], [0.5671476137624861, 0.5788359788359788], [0.47835738068812433, 0.4497354497354497], [0.5394006659267481, 0.43492063492063493]]",d3_02_12_2024
21,02_12_2024_IMG_3.jpg,"[92, 1982, 824, 2626]","[[0.42064372918978915, 0.13756613756613756], [0.5471698113207547, 0.8793650793650793], [0.12652608213096558, 0.5978835978835979], [0.8679245283018868, 0.4095238095238095], [0.40621531631520535, 0.5153439153439153], [0.5382907880133185, 0.5746031746031746], [0.5993340732519423, 0.5481481481481482]]",d3_02_12_2024
22,02_12_2024_IMG_4.jpg,"[92, 1982, 824, 2626]","[[0.42064372918978915, 0.13756613756613756], [0.5471698113207547, 0.8793650793650793], [0.12652608213096558, 0.5978835978835979], [0.8679245283018868, 0.4095238095238095], [0.6248612652608213, 0.5608465608465608]]",d3_02_12_2024
23,02_12_2024_IMG_5.jpg,"[92, 1982, 824, 2626]","[[0.42064372918978915, 0.13756613756613756], [0.5471698113207547, 0.8793650793650793], [0.12652608213096558, 0.5978835978835979], [0.8679245283018868, 0.4095238095238095], [0.6248612652608213, 0.5608465608465608], [0.6170921198668147, 0.46455026455026455]]",d3_02_12_2024
24,02_12_2024_IMG_6.jpg,"[92, 1982, 824, 2626]","[[0.42064372918978915, 0.13756613756613756], [0.5471698113207547, 0.8793650793650793], [0.12652608213096558, 0.5978835978835979], [0.8679245283018868, 0.4095238095238095], [0.6248612652608213, 0.5608465608465608], [0.6170921198668147, 0.46455026455026455], [0.5782463928967814, 0.37777777777777777]]",d3_02_12_2024
25,02_12_2024_IMG_7.jpg,"[92, 1982, 824, 2626]","[[0.42064372918978915, 0.13756613756613756], [0.5471698113207547, 0.8793650793650793], [0.12652608213096558, 0.5978835978835979], [0.8679245283018868, 0.4095238095238095], [0.44617092119866814, 0.4666666666666667]]",d3_02_12_2024
26,02_12_2024_IMG_8.jpg,"[92, 1982, 824, 2626]","[[0.42064372918978915, 0.13756613756613756], [0.5471698113207547, 0.8793650793650793], [0.12652608213096558, 0.5978835978835979], [0.8679245283018868, 0.4095238095238095], [0.44617092119866814, 0.4666666666666667], [0.5549389567147613, 0.5682539682539682]]",d3_02_12_2024
27,02_12_2024_IMG_9.jpg,"[92, 1982, 824, 2626]","[[0.42064372918978915, 0.13756613756613756], [0.5471698113207547, 0.8793650793650793], [0.12652608213096558, 0.5978835978835979], [0.8679245283018868, 0.4095238095238095], [0.44617092119866814, 0.4666666666666667], [0.5549389567147613, 0.5682539682539682], [0.6126526082130965, 0.582010582010582]]",d3_02_12_2024
0,02_12_2024_IMG_52.jpg,"[180, 1920, 941, 2707]","[[0.40203850509626277, 0.11724137931034483], [0.5300113250283126, 0.9103448275862069], [0.10532276330690826, 0.6091954022988506], [0.853907134767837, 0.4057471264367816], [0.5164212910532276, 0.5482758620689655]]",d3_02_12_2024_2
1,02_12_2024_IMG_53.jpg,"[180, 1920, 941, 2707]","[[0.40203850509626277, 0.11724137931034483], [0.5300113250283126, 0.9103448275862069], [0.10532276330690826, 0.6091954022988506], [0.853907134767837, 0.4057471264367816], [0.5164212910532276, 0.5482758620689655], [0.4552661381653454, 0.43333333333333335]]",d3_02_12_2024_2
2,02_12_2024_IMG_54.jpg,"[180, 1920, 941, 2707]","[[0.40203850509626277, 0.11724137931034483], [0.5300113250283126, 0.9103448275862069], [0.10532276330690826, 0.6091954022988506], [0.853907134767837, 0.4057471264367816], [0.5164212910532276, 0.5482758620689655], [0.4552661381653454, 0.43333333333333335], [0.5832389580973952, 0.28390804597701147]]",d3_02_12_2024_2
3,02_12_2024_IMG_55.jpg,"[180, 1920, 941, 2707]","[[0.40203850509626277, 0.11724137931034483], [0.5300113250283126, 0.9103448275862069], [0.10532276330690826, 0.6091954022988506], [0.853907134767837, 0.4057471264367816], [0.47451868629671573, 0.3896551724137931]]",d3_02_12_2024_2
4,02_12_2024_IMG_56.jpg,"[180, 1920, 941, 2707]","[[0.40203850509626277, 0.11724137931034483], [0.5300113250283126, 0.9103448275862069], [0.10532276330690826, 0.6091954022988506], [0.853907134767837, 0.4057471264367816], [0.47451868629671573, 0.3896551724137931], [0.44960362400906, 0.2793103448275862]]",d3_02_12_2024_2
5,02_12_2024_IMG_57.jpg,"[180, 1920, 941, 2707]","[[0.40203850509626277, 0.11724137931034483], [0.5300113250283126, 0.9103448275862069], [0.10532276330690826, 0.6091954022988506], [0.853907134767837, 0.4057471264367816], [0.47451868629671573, 0.3896551724137931], [0.44960362400906, 0.2793103448275862], [0.4450736126840317, 0.6091954022988506]]",d3_02_12_2024_2
6,02_12_2024_IMG_58.jpg,"[180, 1920, 941, 2707]","[[0.40203850509626277, 0.11724137931034483], [0.5300113250283126, 0.9103448275862069], [0.10532276330690826, 0.6091954022988506], [0.853907134767837, 0.4057471264367816], [0.6330690826727067, 0.18275862068965518]]",d3_02_12_2024_2
7,02_12_2024_IMG_59.jpg,"[180, 1920, 941, 2707]","[[0.40203850509626277, 0.11724137931034483], [0.5300113250283126, 0.9103448275862069], [0.10532276330690826, 0.6091954022988506], [0.853907134767837, 0.4057471264367816], [0.6330690826727067, 0.18275862068965518], [0.32842582106455265, 0.32988505747126434]]",d3_02_12_2024_2
8,02_12_2024_IMG_60.jpg,"[180, 1920, 941, 2707]","[[0.40203850509626277, 0.11724137931034483], [0.5300113250283126, 0.9103448275862069], [0.10532276330690826, 0.6091954022988506], [0.853907134767837, 0.4057471264367816], [0.6330690826727067, 0.18275862068965518], [0.32842582106455265, 0.32988505747126434], [0.49150622876557193, 0.1206896551724138]]",d3_02_12_2024_2
9,02_12_2024_IMG_61.jpg,"[180, 1920, 941, 2707]","[[0.40203850509626277, 0.11724137931034483], [0.5300113250283126, 0.9103448275862069], [0.10532276330690826, 0.6091954022988506], [0.853907134767837, 0.4057471264367816], [0.5469988674971688, 0.17701149425287357]]",d3_02_12_2024_2
10,02_12_2024_IMG_62.jpg,"[180, 1920, 941, 2707]","[[0.40203850509626277, 0.11724137931034483], [0.5300113250283126, 0.9103448275862069], [0.10532276330690826, 0.6091954022988506], [0.853907134767837, 0.4057471264367816], [0.5469988674971688, 0.17701149425287357], [0.47678369195922987, 0.35747126436781607]]",d3_02_12_2024_2
11,02_12_2024_IMG_63.jpg,"[180, 1920, 941, 2707]","[[0.40203850509626277, 0.11724137931034483], [0.5300113250283126, 0.9103448275862069], [0.10532276330690826, 0.6091954022988506], [0.853907134767837, 0.4057471264367816], [0.5469988674971688, 0.17701149425287357], [0.47678369195922987, 0.35747126436781607], [0.49377123442808607, 0.3701149425287356]]",d3_02_12_2024_2
12,02_12_2024_IMG_64.jpg,"[180, 1920, 941, 2707]","[[0.40203850509626277, 0.11724137931034483], [0.5300113250283126, 0.9103448275862069], [0.10532276330690826, 0.6091954022988506], [0.853907134767837, 0.4057471264367816], [0.45979614949037373, 0.15632183908045977]]",d3_02_12_2024_2
13,02_12_2024_IMG_65.jpg,"[180, 1920, 941, 2707]","[[0.40203850509626277, 0.11724137931034483], [0.5300113250283126, 0.9103448275862069], [0.10532276330690826, 0.6091954022988506], [0.853907134767837, 0.4057471264367816], [0.45979614949037373, 0.15632183908045977], [0.5107587768969423, 0.4494252873563218]]",d3_02_12_2024_2
14,02_12_2024_IMG_66.jpg,"[180, 1920, 941, 2707]","[[0.40203850509626277, 0.11724137931034483], [0.5300113250283126, 0.9103448275862069], [0.10532276330690826, 0.6091954022988506], [0.853907134767837, 0.4057471264367816], [0.45979614949037373, 0.15632183908045977], [0.5107587768969423, 0.4494252873563218], [0.5039637599093998, 0.3471264367816092]]",d3_02_12_2024_2
15,02_12_2024_IMG_67.jpg,"[180, 1920, 941, 2707]","[[0.40203850509626277, 0.11724137931034483], [0.5300113250283126, 0.9103448275862069], [0.10532276330690826, 0.6091954022988506], [0.853907134767837, 0.4057471264367816], [0.6489241223103058, 0.3160919540229885]]",d3_02_12_2024_2
16,02_12_2024_IMG_68.jpg,"[180, 1920, 941, 2707]","[[0.40203850509626277, 0.11724137931034483], [0.5300113250283126, 0.9103448275862069], [0.10532276330690826, 0.6091954022988506], [0.853907134767837, 0.4057471264367816], [0.6489241223103058, 0.3160919540229885], [0.5889014722536806, 0.28160919540229884]]",d3_02_12_2024_2
17,02_12_2024_IMG_69.jpg,"[180, 1920, 941, 2707]","[[0.40203850509626277, 0.11724137931034483], [0.5300113250283126, 0.9103448275862069], [0.10532276330690826, 0.6091954022988506], [0.853907134767837, 0.4057471264367816], [0.6489241223103058, 0.3160919540229885], [0.5889014722536806, 0.28160919540229884], [0.5605889014722537, 0.22528735632183908]]",d3_02_12_2024_2
18,02_12_2024_IMG_70.jpg,"[180, 1920, 941, 2707]","[[0.40203850509626277, 0.11724137931034483], [0.5300113250283126, 0.9103448275862069], [0.10532276330690826, 0.6091954022988506], [0.853907134767837, 0.4057471264367816], [0.43941109852774635, 0.6689655172413793]]",d3_02_12_2024_2
19,02_12_2024_IMG_71.jpg,"[180, 1920, 941, 2707]","[[0.40203850509626277, 0.11724137931034483], [0.5300113250283126, 0.9103448275862069], [0.10532276330690826, 0.6091954022988506], [0.853907134767837, 0.4057471264367816], [0.43941109852774635, 0.6689655172413793], [0.49490373725934317, 0.2482758620689655]]",d3_02_12_2024_2
20,02_12_2024_IMG_72.jpg,"[180, 1920, 941, 2707]","[[0.40203850509626277, 0.11724137931034483], [0.5300113250283126, 0.9103448275862069], [0.10532276330690826, 0.6091954022988506], [0.853907134767837, 0.4057471264367816], [0.43941109852774635, 0.6689655172413793], [0.49490373725934317, 0.2482758620689655], [0.5334088335220838, 0.08850574712643679]]",d3_02_12_2024_2
21,02_12_2024_IMG_73.jpg,"[180, 1920, 941, 2707]","[[0.40203850509626277, 0.11724137931034483], [0.5300113250283126, 0.9103448275862069], [0.10532276330690826, 0.6091954022988506], [0.853907134767837, 0.4057471264367816], [0.5062287655719139, 0.18160919540229886]]",d3_02_12_2024_2
22,02_12_2024_IMG_74.jpg,"[180, 1920, 941, 2707]","[[0.40203850509626277, 0.11724137931034483], [0.5300113250283126, 0.9103448275862069], [0.10532276330690826, 0.6091954022988506], [0.853907134767837, 0.4057471264367816], [0.5062287655719139, 0.18160919540229886], [0.5084937712344281, 0.05517241379310345]]",d3_02_12_2024_2
23,02_12_2024_IMG_75.jpg,"[180, 1920, 941, 2707]","[[0.40203850509626277, 0.11724137931034483], [0.5300113250283126, 0.9103448275862069], [0.10532276330690826, 0.6091954022988506], [0.853907134767837, 0.4057471264367816], [0.5062287655719139, 0.18160919540229886], [0.5084937712344281, 0.05517241379310345], [0.594563986409966, 0.24367816091954023]]",d3_02_12_2024_2
24,02_12_2024_IMG_76.jpg,"[180, 1920, 941, 2707]","[[0.40203850509626277, 0.11724137931034483], [0.5300113250283126, 0.9103448275862069], [0.10532276330690826, 0.6091954022988506], [0.853907134767837, 0.4057471264367816], [0.14949037372593432, 0.364367816091954]]",d3_02_12_2024_2
25,02_12_2024_IMG_77.jpg,"[180, 1920, 941, 2707]","[[0.40203850509626277, 0.11724137931034483], [0.5300113250283126, 0.9103448275862069], [0.10532276330690826, 0.6091954022988506], [0.853907134767837, 0.4057471264367816], [0.1506228765571914, 0.36666666666666664], [0.8221970554926388, 0.7632183908045977]]",d3_02_12_2024_2
26,02_12_2024_IMG_78.jpg,"[180, 1920, 941, 2707]","[[0.40203850509626277, 0.11724137931034483], [0.5300113250283126, 0.9103448275862069], [0.10532276330690826, 0.6091954022988506], [0.853907134767837, 0.4057471264367816], [0.15175537938844846, 0.36551724137931035], [0.665911664779162, 0.9459770114942528], [0.8210645526613817, 0.7609195402298851]]",d3_02_12_2024_2
27,02_12_2024_IMG_79.jpg,"[180, 1920, 941, 2707]","[[0.40203850509626277, 0.11724137931034483], [0.5300113250283126, 0.9103448275862069], [0.10532276330690826, 0.6091954022988506], [0.853907134767837, 0.4057471264367816], [0.7146092865232163, 0.764367816091954]]",d3_02_12_2024_2
28,02_12_2024_IMG_80.jpg,"[180, 1920, 941, 2707]","[[0.40203850509626277, 0.11724137931034483], [0.5300113250283126, 0.9103448275862069], [0.10532276330690826, 0.6091954022988506], [0.853907134767837, 0.4057471264367816], [0.7146092865232163, 0.764367816091954], [0.5922989807474519, 0.05517241379310345]]",d3_02_12_2024_2
29,02_12_2024_IMG_81.jpg,"[180, 1920, 941, 2707]","[[0.40203850509626277, 0.11724137931034483], [0.5300113250283126, 0.9103448275862069], [0.10532276330690826, 0.6091954022988506], [0.853907134767837, 0.4057471264367816], [0.7146092865232163, 0.764367816091954], [0.5922989807474519, 0.05517241379310345], [0.4971687429218573, 0.25057471264367814]]",d3_02_12_2024_2
30,02_12_2024_IMG_82.jpg,"[180, 1920, 941, 2707]","[[0.40203850509626277, 0.11724137931034483], [0.5300113250283126, 0.9103448275862069], [0.10532276330690826, 0.6091954022988506], [0.853907134767837, 0.4057471264367816], [0.8063420158550396, 0.7505747126436781]]",d3_02_12_2024_2
31,02_12_2024_IMG_83.jpg,"[180, 1920, 941, 2707]","[[0.40203850509626277, 0.11724137931034483], [0.5300113250283126, 0.9103448275862069], [0.10532276330690826, 0.6091954022988506], [0.853907134767837, 0.4057471264367816], [0.8063420158550396, 0.7505747126436781], [0.7814269535673839, 0.7137931034482758]]",d3_02_12_2024_2
32,02_12_2024_IMG_84.jpg,"[180, 1920, 941, 2707]","[[0.40203850509626277, 0.11724137931034483], [0.5300113250283126, 0.9103448275862069], [0.10532276330690826, 0.6091954022988506], [0.853907134767837, 0.4057471264367816], [0.8063420158550396, 0.7505747126436781], [0.7814269535673839, 0.7137931034482758], [0.7044167610419027, 0.7724137931034483]]",d3_02_12_2024_2
33,02_12_2024_IMG_85.jpg,"[180, 1920, 941, 2707]","[[0.40203850509626277, 0.11724137931034483], [0.5300113250283126, 0.9103448275862069], [0.10532276330690826, 0.6091954022988506], [0.853907134767837, 0.4057471264367816], [0.8006795016987542, 0.603448275862069]]",d3_02_12_2024_2
34,02_12_2024_IMG_86.jpg,"[180, 1920, 941, 2707]","[[0.40203850509626277, 0.11724137931034483], [0.5300113250283126, 0.9103448275862069], [0.10532276330690826, 0.6091954022988506], [0.853907134767837, 0.4057471264367816], [0.8006795016987542, 0.603448275862069], [0.47904869762174407, 0.5597701149425287]]",d3_02_12_2024_2
35,02_12_2024_IMG_87.jpg,"[180, 1920, 941, 2707]","[[0.40203850509626277, 0.11724137931034483], [0.5300113250283126, 0.9103448275862069], [0.10532276330690826, 0.6091954022988506], [0.853907134767837, 0.4057471264367816], [0.8006795016987542, 0.603448275862069], [0.47904869762174407, 0.5597701149425287], [0.6206115515288788, 0.5011494252873563]]",d3_02_12_2024_2
36,02_12_2024_IMG_88.jpg,"[180, 1920, 941, 2707]","[[0.40203850509626277, 0.11724137931034483], [0.5300113250283126, 0.9103448275862069], [0.10532276330690826, 0.6091954022988506], [0.853907134767837, 0.4057471264367816], [0.7214043035107588, 0.9091954022988505]]",d3_02_12_2024_2
37,02_12_2024_IMG_89.jpg,"[180, 1920, 941, 2707]","[[0.40203850509626277, 0.11724137931034483], [0.5300113250283126, 0.9103448275862069], [0.10532276330690826, 0.6091954022988506], [0.853907134767837, 0.4057471264367816], [0.7214043035107588, 0.9091954022988505], [0.6987542468856173, 0.9632183908045977]]",d3_02_12_2024_2
38,02_12_2024_IMG_90.jpg,"[180, 1920, 941, 2707]","[[0.40203850509626277, 0.11724137931034483], [0.5300113250283126, 0.9103448275862069], [0.10532276330690826, 0.6091954022988506], [0.853907134767837, 0.4057471264367816], [0.7214043035107588, 0.9091954022988505], [0.6987542468856173, 0.9632183908045977], [0.5730464326160816, 0.6609195402298851]]",d3_02_12_2024_2
39,02_12_2024_IMG_91.jpg,"[180, 1920, 941, 2707]","[[0.40203850509626277, 0.11724137931034483], [0.5300113250283126, 0.9103448275862069], [0.10532276330690826, 0.6091954022988506], [0.853907134767837, 0.4057471264367816], [0.5413363533408834, 0.2264367816091954]]",d3_02_12_2024_2
40,02_12_2024_IMG_92.jpg,"[180, 1920, 941, 2707]","[[0.40203850509626277, 0.11724137931034483], [0.5300113250283126, 0.9103448275862069], [0.10532276330690826, 0.6091954022988506], [0.853907134767837, 0.4057471264367816], [0.5413363533408834, 0.2264367816091954], [0.6183465458663646, 0.27241379310344827]]",d3_02_12_2024_2
41,02_12_2024_IMG_93.jpg,"[180, 1920, 941, 2707]","[[0.40203850509626277, 0.11724137931034483], [0.5300113250283126, 0.9103448275862069], [0.10532276330690826, 0.6091954022988506], [0.853907134767837, 0.4057471264367816], [0.5413363533408834, 0.2264367816091954], [0.6183465458663646, 0.27241379310344827], [0.49263873159682897, 0.15402298850574714]]",d3_02_12_2024_2
42,02_12_2024_IMG_94.jpg,"[180, 1920, 941, 2707]","[[0.40203850509626277, 0.11724137931034483], [0.5300113250283126, 0.9103448275862069], [0.10532276330690826, 0.6091954022988506], [0.853907134767837, 0.4057471264367816], [0.6489241223103058, 0.1103448275862069]]",d3_02_12_2024_2
43,02_12_2024_IMG_95.jpg,"[180, 1920, 941, 2707]","[[0.40203850509626277, 0.11724137931034483], [0.5300113250283126, 0.9103448275862069], [0.10532276330690826, 0.6091954022988506], [0.853907134767837, 0.4057471264367816], [0.6489241223103058, 0.1103448275862069]]",d3_02_12_2024_2
44,02_12_2024_IMG_96.jpg,"[180, 1920, 941, 2707]","[[0.40203850509626277, 0.11724137931034483], [0.5300113250283126, 0.9103448275862069], [0.10532276330690826, 0.6091954022988506], [0.853907134767837, 0.4057471264367816], [0.6489241223103058, 0.1103448275862069], [0.5968289920724802, 0.12988505747126436]]",d3_02_12_2024_2
0,02_12_2024_IMG_100.jpg,"[400, 2130, 665, 2501]","[[0.42374727668845313, 0.11329479768786127], [0.5479302832244008, 0.8959537572254336], [0.14052287581699346, 0.5953757225433526], [0.8518518518518519, 0.3988439306358382], [0.7450980392156863, 0.3942196531791908]]",d3_02_12_2024_3
1,02_12_2024_IMG_101.jpg,"[400, 2130, 665, 2501]","[[0.42374727668845313, 0.11329479768786127], [0.5479302832244008, 0.8959537572254336], [0.14052287581699346, 0.5953757225433526], [0.8518518518518519, 0.3988439306358382], [0.7516339869281046, 0.47167630057803467]]",d3_02_12_2024_3
2,02_12_2024_IMG_102.jpg,"[400, 2130, 665, 2501]","[[0.42374727668845313, 0.11329479768786127], [0.5479302832244008, 0.8959537572254336], [0.14052287581699346, 0.5953757225433526], [0.8518518518518519, 0.3988439306358382], [0.7636165577342048, 0.5687861271676301]]",d3_02_12_2024_3
3,02_12_2024_IMG_103.jpg,"[400, 2130, 665, 2501]","[[0.42374727668845313, 0.11329479768786127], [0.5479302832244008, 0.8959537572254336], [0.14052287581699346, 0.5953757225433526], [0.8518518518518519, 0.3988439306358382], [0.7091503267973857, 0.6520231213872832]]",d3_02_12_2024_3
4,02_12_2024_IMG_104.jpg,"[400, 2130, 665, 2501]","[[0.42374727668845313, 0.11329479768786127], [0.5479302832244008, 0.8959537572254336], [0.14052287581699346, 0.5953757225433526], [0.8518518518518519, 0.3988439306358382], [0.6514161220043573, 0.7294797687861272]]",d3_02_12_2024_3
5,02_12_2024_IMG_105.jpg,"[400, 2130, 665, 2501]","[[0.42374727668845313, 0.11329479768786127], [0.5479302832244008, 0.8959537572254336], [0.14052287581699346, 0.5953757225433526], [0.8518518518518519, 0.3988439306358382], [0.5751633986928104, 0.7699421965317919]]",d3_02_12_2024_3
6,02_12_2024_IMG_106.jpg,"[400, 2130, 665, 2501]","[[0.42374727668845313, 0.11329479768786127], [0.5479302832244008, 0.8959537572254336], [0.14052287581699346, 0.5953757225433526], [0.8518518518518519, 0.3988439306358382], [0.49564270152505446, 0.7976878612716763]]",d3_02_12_2024_3
7,02_12_2024_IMG_107.jpg,"[400, 2130, 665, 2501]","[[0.42374727668845313, 0.11329479768786127], [0.5479302832244008, 0.8959537572254336], [0.14052287581699346, 0.5953757225433526], [0.8518518518518519, 0.3988439306358382], [0.4074074074074074, 0.7872832369942196]]",d3_02_12_2024_3
8,02_12_2024_IMG_108.jpg,"[400, 2130, 665, 2501]","[[0.42374727668845313, 0.11329479768786127], [0.5479302832244008, 0.8959537572254336], [0.14052287581699346, 0.5953757225433526], [0.8518518518518519, 0.3988439306358382], [0.32570806100217864, 0.7549132947976879]]",d3_02_12_2024_3
9,02_12_2024_IMG_109.jpg,"[400, 2130, 665, 2501]","[[0.42374727668845313, 0.11329479768786127], [0.5479302832244008, 0.8959537572254336], [0.14052287581699346, 0.5953757225433526], [0.8518518518518519, 0.3988439306358382], [0.2777777777777778, 0.707514450867052]]",d3_02_12_2024_3
10,02_12_2024_IMG_110.jpg,"[400, 2130, 665, 2501]","[[0.42374727668845313, 0.11329479768786127], [0.5479302832244008, 0.8959537572254336], [0.14052287581699346, 0.5953757225433526], [0.8518518518518519, 0.3988439306358382], [0.22657952069716775, 0.6138728323699422]]",d3_02_12_2024_3
11,02_12_2024_IMG_111.jpg,"[400, 2130, 665, 2501]","[[0.42374727668845313, 0.11329479768786127], [0.5479302832244008, 0.8959537572254336], [0.14052287581699346, 0.5953757225433526], [0.8518518518518519, 0.3988439306358382], [0.21895424836601307, 0.5352601156069364]]",d3_02_12_2024_3
12,02_12_2024_IMG_112.jpg,"[400, 2130, 665, 2501]","[[0.42374727668845313, 0.11329479768786127], [0.5479302832244008, 0.8959537572254336], [0.14052287581699346, 0.5953757225433526], [0.8518518518518519, 0.3988439306358382], [0.22657952069716775, 0.43352601156069365]]",d3_02_12_2024_3
13,02_12_2024_IMG_113.jpg,"[400, 2130, 665, 2501]","[[0.42374727668845313, 0.11329479768786127], [0.5479302832244008, 0.8959537572254336], [0.14052287581699346, 0.5953757225433526], [0.8518518518518519, 0.3988439306358382], [0.25925925925925924, 0.3421965317919075]]",d3_02_12_2024_3
14,02_12_2024_IMG_114.jpg,"[400, 2130, 665, 2501]","[[0.42374727668845313, 0.11329479768786127], [0.5479302832244008, 0.8959537572254336], [0.14052287581699346, 0.5953757225433526], [0.8518518518518519, 0.3988439306358382], [0.332244008714597, 0.2682080924855491]]",d3_02_12_2024_3
15,02_12_2024_IMG_115.jpg,"[400, 2130, 665, 2501]","[[0.42374727668845313, 0.11329479768786127], [0.5479302832244008, 0.8959537572254336], [0.14052287581699346, 0.5953757225433526], [0.8518518518518519, 0.3988439306358382], [0.3954248366013072, 0.21734104046242775]]",d3_02_12_2024_3
16,02_12_2024_IMG_116.jpg,"[400, 2130, 665, 2501]","[[0.42374727668845313, 0.11329479768786127], [0.5479302832244008, 0.8959537572254336], [0.14052287581699346, 0.5953757225433526], [0.8518518518518519, 0.3988439306358382], [0.4803921568627451, 0.19190751445086704]]",d3_02_12_2024_3
17,02_12_2024_IMG_117.jpg,"[400, 2130, 665, 2501]","[[0.42374727668845313, 0.11329479768786127], [0.5479302832244008, 0.8959537572254336], [0.14052287581699346, 0.5953757225433526], [0.8518518518518519, 0.3988439306358382], [0.4891067538126362, 0.47398843930635837]]",d3_02_12_2024_3
18,02_12_2024_IMG_118.jpg,"[400, 2130, 665, 2501]","[[0.42374727668845313, 0.11329479768786127], [0.5479302832244008, 0.8959537572254336], [0.14052287581699346, 0.5953757225433526], [0.8518518518518519, 0.3988439306358382], [0.4880174291938998, 0.49942196531791905]]",d3_02_12_2024_3
19,02_12_2024_IMG_97.jpg,"[400, 2130, 665, 2501]","[[0.42374727668845313, 0.11329479768786127], [0.5479302832244008, 0.8959537572254336], [0.14052287581699346, 0.5953757225433526], [0.8518518518518519, 0.3988439306358382], [0.5664488017429193, 0.2046242774566474]]",d3_02_12_2024_3
20,02_12_2024_IMG_98.jpg,"[400, 2130, 665, 2501]","[[0.42374727668845313, 0.11329479768786127], [0.5479302832244008, 0.8959537572254336], [0.14052287581699346, 0.5953757225433526], [0.8518518518518519, 0.3988439306358382], [0.6492374727668845, 0.23352601156069364]]",d3_02_12_2024_3
21,02_12_2024_IMG_99.jpg,"[400, 2130, 665, 2501]","[[0.42374727668845313, 0.11329479768786127], [0.5479302832244008, 0.8959537572254336], [0.14052287581699346, 0.5953757225433526], [0.8518518518518519, 0.3988439306358382], [0.7058823529411765, 0.28901734104046245]]",d3_02_12_2024_3
0,02_12_2024_IMG_119.jpg,"[425, 2160, 680, 2501]","[[0.4186813186813187, 0.09919261822376009], [0.5428571428571428, 0.8777393310265282], [0.13296703296703297, 0.5790080738177624], [0.8494505494505494, 0.3829296424452134]]",d3_02_12_2024_4
1,02_12_2024_IMG_120.jpg,"[425, 2160, 680, 2501]","[[0.4186813186813187, 0.09919261822376009], [0.5428571428571428, 0.8777393310265282], [0.13296703296703297, 0.5790080738177624], [0.8494505494505494, 0.3829296424452134], [0.6318681318681318, 0.1061130334486736]]",d3_02_12_2024_4
2,02_12_2024_IMG_121.jpg,"[425, 2160, 680, 2501]","[[0.4186813186813187, 0.09919261822376009], [0.5428571428571428, 0.8777393310265282], [0.13296703296703297, 0.5790080738177624], [0.8494505494505494, 0.3829296424452134], [0.6318681318681318, 0.1061130334486736], [0.5813186813186814, 0.08419838523644751]]",d3_02_12_2024_4
3,02_12_2024_IMG_122.jpg,"[425, 2160, 680, 2501]","[[0.4186813186813187, 0.09919261822376009], [0.5428571428571428, 0.8777393310265282], [0.13296703296703297, 0.5790080738177624], [0.8494505494505494, 0.3829296424452134], [0.6318681318681318, 0.1061130334486736], [0.5813186813186814, 0.08419838523644751], [0.6285714285714286, 0.43137254901960786]]",d3_02_12_2024_4
4,02_12_2024_IMG_123.jpg,"[425, 2160, 680, 2501]","[[0.4186813186813187, 0.09919261822376009], [0.5428571428571428, 0.8777393310265282], [0.13296703296703297, 0.5790080738177624], [0.8494505494505494, 0.3829296424452134], [0.5846153846153846, 0.6055363321799307]]",d3_02_12_2024_4
5,02_12_2024_IMG_124.jpg,"[425, 2160, 680, 2501]","[[0.4186813186813187, 0.09919261822376009], [0.5428571428571428, 0.8777393310265282], [0.13296703296703297, 0.5790080738177624], [0.8494505494505494, 0.3829296424452134], [0.5846153846153846, 0.6055363321799307], [0.5065934065934066, 0.7185697808535179]]",d3_02_12_2024_4
6,02_12_2024_IMG_125.jpg,"[425, 2160, 680, 2501]","[[0.4186813186813187, 0.09919261822376009], [0.5428571428571428, 0.8777393310265282], [0.13296703296703297, 0.5790080738177624], [0.8494505494505494, 0.3829296424452134], [0.5846153846153846, 0.6055363321799307], [0.5065934065934066, 0.7185697808535179], [0.6538461538461539, 0.37831603229527105]]",d3_02_12_2024_4
7,02_12_2024_IMG_126.jpg,"[425, 2160, 680, 2501]","[[0.4186813186813187, 0.09919261822376009], [0.5428571428571428, 0.8777393310265282], [0.13296703296703297, 0.5790080738177624], [0.8494505494505494, 0.3829296424452134], [0.3626373626373626, 0.2768166089965398]]",d3_02_12_2024_4
8,02_12_2024_IMG_127.jpg,"[425, 2160, 680, 2501]","[[0.4186813186813187, 0.09919261822376009], [0.5428571428571428, 0.8777393310265282], [0.13296703296703297, 0.5790080738177624], [0.8494505494505494, 0.3829296424452134], [0.3626373626373626, 0.2768166089965398], [0.9516483516483516, 0.5236447520184544]]",d3_02_12_2024_4
9,02_12_2024_IMG_128.jpg,"[425, 2160, 680, 2501]","[[0.4186813186813187, 0.09919261822376009], [0.5428571428571428, 0.8777393310265282], [0.13296703296703297, 0.5790080738177624], [0.8494505494505494, 0.3829296424452134], [0.3626373626373626, 0.2768166089965398], [0.9516483516483516, 0.5236447520184544], [0.7175824175824176, 0.2433679354094579]]",d3_02_12_2024_4
10,02_12_2024_IMG_129.jpg,"[425, 2160, 680, 2501]","[[0.4186813186813187, 0.09919261822376009], [0.5428571428571428, 0.8777393310265282], [0.13296703296703297, 0.5790080738177624], [0.8494505494505494, 0.3829296424452134], [0.6692307692307692, 0.36562860438292966]]",d3_02_12_2024_4
11,02_12_2024_IMG_130.jpg,"[425, 2160, 680, 2501]","[[0.4186813186813187, 0.09919261822376009], [0.5428571428571428, 0.8777393310265282], [0.13296703296703297, 0.5790080738177624], [0.8494505494505494, 0.3829296424452134], [0.6692307692307692, 0.36562860438292966], [0.31978021978021975, 0.7912341407151096]]",d3_02_12_2024_4
12,02_12_2024_IMG_131.jpg,"[425, 2160, 680, 2501]","[[0.4186813186813187, 0.09919261822376009], [0.5428571428571428, 0.8777393310265282], [0.13296703296703297, 0.5790080738177624], [0.8494505494505494, 0.3829296424452134], [0.6692307692307692, 0.36562860438292966], [0.31978021978021975, 0.7912341407151096], [0.11428571428571428, 0.5028835063437139]]",d3_02_12_2024_4
13,02_12_2024_IMG_132.jpg,"[425, 2160, 680, 2501]","[[0.4186813186813187, 0.09919261822376009], [0.5428571428571428, 0.8777393310265282], [0.13296703296703297, 0.5790080738177624], [0.8494505494505494, 0.3829296424452134], [0.3241758241758242, 0.5259515570934256]]",d3_02_12_2024_4
14,02_12_2024_IMG_133.jpg,"[425, 2160, 680, 2501]","[[0.4186813186813187, 0.09919261822376009], [0.5428571428571428, 0.8777393310265282], [0.13296703296703297, 0.5790080738177624], [0.8494505494505494, 0.3829296424452134], [0.3241758241758242, 0.5259515570934256], [0.1945054945054945, 0.36562860438292966]]",d3_02_12_2024_4
15,02_12_2024_IMG_134.jpg,"[425, 2160, 680, 2501]","[[0.4186813186813187, 0.09919261822376009], [0.5428571428571428, 0.8777393310265282], [0.13296703296703297, 0.5790080738177624], [0.8494505494505494, 0.3829296424452134], [0.3241758241758242, 0.5259515570934256], [0.1945054945054945, 0.36562860438292966], [0.7571428571428571, 0.5317185697808535]]",d3_02_12_2024_4
16,02_12_2024_IMG_135.jpg,"[425, 2160, 680, 2501]","[[0.4186813186813187, 0.09919261822376009], [0.5428571428571428, 0.8777393310265282], [0.13296703296703297, 0.5790080738177624], [0.8494505494505494, 0.3829296424452134], [0.15494505494505495, 0.5513264129181085]]",d3_02_12_2024_4
17,02_12_2024_IMG_136.jpg,"[425, 2160, 680, 2501]","[[0.4186813186813187, 0.09919261822376009], [0.5428571428571428, 0.8777393310265282], [0.13296703296703297, 0.5790080738177624], [0.8494505494505494, 0.3829296424452134], [0.15494505494505495, 0.5513264129181085], [0.289010989010989, 0.30565167243367936]]",d3_02_12_2024_4
18,02_12_2024_IMG_137.jpg,"[425, 2160, 680, 2501]","[[0.4186813186813187, 0.09919261822376009], [0.5428571428571428, 0.8777393310265282], [0.13296703296703297, 0.5790080738177624], [0.8494505494505494, 0.3829296424452134], [0.15494505494505495, 0.5513264129181085], [0.289010989010989, 0.30565167243367936], [0.22087912087912087, 0.3460207612456747]]",d3_02_12_2024_4
19,02_12_2024_IMG_138.jpg,"[425, 2160, 680, 2501]","[[0.4186813186813187, 0.09919261822376009], [0.5428571428571428, 0.8777393310265282], [0.13296703296703297, 0.5790080738177624], [0.8494505494505494, 0.3829296424452134], [0.7934065934065934, 0.4405997693194925]]",d3_02_12_2024_4
20,02_12_2024_IMG_139.jpg,"[425, 2160, 680, 2501]","[[0.4186813186813187, 0.09919261822376009], [0.5428571428571428, 0.8777393310265282], [0.13296703296703297, 0.5790080738177624], [0.8494505494505494, 0.3829296424452134], [0.7934065934065934, 0.4405997693194925], [0.2978021978021978, 0.46251441753171857]]",d3_02_12_2024_4
21,02_12_2024_IMG_140.jpg,"[425, 2160, 680, 2501]","[[0.4186813186813187, 0.09919261822376009], [0.5428571428571428, 0.8777393310265282], [0.13296703296703297, 0.5790080738177624], [0.8494505494505494, 0.3829296424452134], [0.7934065934065934, 0.4405997693194925], [0.2978021978021978, 0.46251441753171857], [0.6593406593406593, 0.5628604382929643]]",d3_02_12_2024_4
22,02_12_2024_IMG_141.jpg,"[425, 2160, 680, 2501]","[[0.4186813186813187, 0.09919261822376009], [0.5428571428571428, 0.8777393310265282], [0.13296703296703297, 0.5790080738177624], [0.8494505494505494, 0.3829296424452134], [0.18681318681318682, 0.6920415224913494]]",d3_02_12_2024_4
23,02_12_2024_IMG_142.jpg,"[425, 2160, 680, 2501]","[[0.4186813186813187, 0.09919261822376009], [0.5428571428571428, 0.8777393310265282], [0.13296703296703297, 0.5790080738177624], [0.8494505494505494, 0.3829296424452134], [0.18681318681318682, 0.6920415224913494], [0.3076923076923077, 0.41753171856978083]]",d3_02_12_2024_4
24,02_12_2024_IMG_143.jpg,"[425, 2160, 680, 2501]","[[0.4186813186813187, 0.09919261822376009], [0.5428571428571428, 0.8777393310265282], [0.13296703296703297, 0.5790080738177624], [0.8494505494505494, 0.3829296424452134], [0.18681318681318682, 0.6920415224913494], [0.3076923076923077, 0.41753171856978083], [0.3659340659340659, 0.9008073817762399]]",d3_02_12_2024_4
25,02_12_2024_IMG_144.jpg,"[425, 2160, 680, 2501]","[[0.4186813186813187, 0.09919261822376009], [0.5428571428571428, 0.8777393310265282], [0.13296703296703297, 0.5790080738177624], [0.8494505494505494, 0.3829296424452134], [0.6802197802197802, 0.7520184544405998]]",d3_02_12_2024_4
26,02_12_2024_IMG_145.jpg,"[425, 2160, 680, 2501]","[[0.4186813186813187, 0.09919261822376009], [0.5428571428571428, 0.8777393310265282], [0.13296703296703297, 0.5790080738177624], [0.8494505494505494, 0.3829296424452134], [0.6802197802197802, 0.7520184544405998], [0.5681318681318681, 0.21914648212226068]]",d3_02_12_2024_4
27,02_12_2024_IMG_146.jpg,"[425, 2160, 680, 2501]","[[0.4186813186813187, 0.09919261822376009], [0.5428571428571428, 0.8777393310265282], [0.13296703296703297, 0.5790080738177624], [0.8494505494505494, 0.3829296424452134], [0.6802197802197802, 0.7520184544405998], [0.5681318681318681, 0.21914648212226068], [0.47692307692307695, 0.8235294117647058]]",d3_02_12_2024_4
28,02_12_2024_IMG_147.jpg,"[425, 2160, 680, 2501]","[[0.4186813186813187, 0.09919261822376009], [0.5428571428571428, 0.8777393310265282], [0.13296703296703297, 0.5790080738177624], [0.8494505494505494, 0.3829296424452134], [0.46263736263736266, 0.23183391003460208]]",d3_02_12_2024_4
29,02_12_2024_IMG_148.jpg,"[425, 2160, 680, 2501]","[[0.4186813186813187, 0.09919261822376009], [0.5428571428571428, 0.8777393310265282], [0.13296703296703297, 0.5790080738177624], [0.8494505494505494, 0.3829296424452134], [0.46263736263736266, 0.23183391003460208], [0.42747252747252745, 0.1845444059976932]]",d3_02_12_2024_4
30,02_12_2024_IMG_149.jpg,"[425, 2160, 680, 2501]","[[0.4186813186813187, 0.09919261822376009], [0.5428571428571428, 0.8777393310265282], [0.13296703296703297, 0.5790080738177624], [0.8494505494505494, 0.3829296424452134], [0.46263736263736266, 0.23183391003460208], [0.42747252747252745, 0.1845444059976932], [0.34945054945054943, 0.27450980392156865]]",d3_02_12_2024_4
31,02_12_2024_IMG_150.jpg,"[425, 2160, 680, 2501]","[[0.4186813186813187, 0.09919261822376009], [0.5428571428571428, 0.8777393310265282], [0.13296703296703297, 0.5790080738177624], [0.8494505494505494, 0.3829296424452134], [0.4197802197802198, 0.6862745098039216]]",d3_02_12_2024_4
32,02_12_2024_IMG_151.jpg,"[425, 2160, 680, 2501]","[[0.4186813186813187, 0.09919261822376009], [0.5428571428571428, 0.8777393310265282], [0.13296703296703297, 0.5790080738177624], [0.8494505494505494, 0.3829296424452134], [0.4197802197802198, 0.6862745098039216], [0.48021978021978023, 0.6078431372549019]]",d3_02_12_2024_4
33,02_12_2024_IMG_152.jpg,"[425, 2160, 680, 2501]","[[0.4186813186813187, 0.09919261822376009], [0.5428571428571428, 0.8777393310265282], [0.13296703296703297, 0.5790080738177624], [0.8494505494505494, 0.3829296424452134], [0.4197802197802198, 0.6862745098039216], [0.48021978021978023, 0.6078431372549019], [0.5483516483516484, 0.48904267589388695]]",d3_02_12_2024_4
34,02_12_2024_IMG_153.jpg,"[425, 2160, 680, 2501]","[[0.4186813186813187, 0.09919261822376009], [0.5428571428571428, 0.8777393310265282], [0.13296703296703297, 0.5790080738177624], [0.8494505494505494, 0.3829296424452134], [0.6010989010989011, 0.4844290657439446]]",d3_02_12_2024_4
35,02_12_2024_IMG_154.jpg,"[425, 2160, 680, 2501]","[[0.4186813186813187, 0.09919261822376009], [0.5428571428571428, 0.8777393310265282], [0.13296703296703297, 0.5790080738177624], [0.8494505494505494, 0.3829296424452134], [0.6010989010989011, 0.4844290657439446], [0.5186813186813187, 0.3771626297577855]]",d3_02_12_2024_4
36,02_12_2024_IMG_155.jpg,"[425, 2160, 680, 2501]","[[0.4186813186813187, 0.09919261822376009], [0.5428571428571428, 0.8777393310265282], [0.13296703296703297, 0.5790080738177624], [0.8494505494505494, 0.3829296424452134], [0.6010989010989011, 0.4844290657439446], [0.5186813186813187, 0.3771626297577855], [0.6307692307692307, 0.4359861591695502]]",d3_02_12_2024_4
0,03_12_2024_IMG_156.jpg,"[90, 2090, 844, 2682]","[[0.41240478781284007, 0.146], [0.5342763873775843, 0.858], [0.11534276387377584, 0.585], [0.8563656147986942, 0.408], [0.5462459194776932, 0.35]]",d3_03_12_2024
1,03_12_2024_IMG_157.jpg,"[90, 2090, 844, 2682]","[[0.41240478781284007, 0.146], [0.5342763873775843, 0.858], [0.11534276387377584, 0.585], [0.8563656147986942, 0.408], [0.5462459194776932, 0.35], [0.5832426550598476, 0.424]]",d3_03_12_2024
2,03_12_2024_IMG_158.jpg,"[90, 2090, 844, 2682]","[[0.41240478781284007, 0.146], [0.5342763873775843, 0.858], [0.11534276387377584, 0.585], [0.8563656147986942, 0.408]]",d3_03_12_2024
3,03_12_2024_IMG_159.jpg,"[90, 2090, 844, 2682]","[[0.41240478781284007, 0.146], [0.5342763873775843, 0.858], [0.11534276387377584, 0.585], [0.8563656147986942, 0.408], [0.5070729053318824, 0.527]]",d3_03_12_2024
4,03_12_2024_IMG_160.jpg,"[90, 2090, 844, 2682]","[[0.41240478781284007, 0.146], [0.5342763873775843, 0.858], [0.11534276387377584, 0.585], [0.8563656147986942, 0.408], [0.5059847660500544, 0.527], [0.5941240478781284, 0.522]]",d3_03_12_2024
5,03_12_2024_IMG_161.jpg,"[90, 2090, 844, 2682]","[[0.41240478781284007, 0.146], [0.5342763873775843, 0.858], [0.11534276387377584, 0.585], [0.8563656147986942, 0.408], [0.5059847660500544, 0.527], [0.5941240478781284, 0.522], [0.515778019586507, 0.445]]",d3_03_12_2024
6,03_12_2024_IMG_162.jpg,"[90, 2090, 844, 2682]","[[0.41240478781284007, 0.146], [0.5342763873775843, 0.858], [0.11534276387377584, 0.585], [0.8563656147986942, 0.408], [0.46681175190424373, 0.386]]",d3_03_12_2024
7,03_12_2024_IMG_163.jpg,"[90, 2090, 844, 2682]","[[0.41240478781284007, 0.146], [0.5342763873775843, 0.858], [0.11534276387377584, 0.585], [0.8563656147986942, 0.408], [0.46681175190424373, 0.386], [0.6213275299238302, 0.462]]",d3_03_12_2024
8,03_12_2024_IMG_164.jpg,"[90, 2090, 844, 2682]","[[0.41240478781284007, 0.146], [0.5342763873775843, 0.858], [0.11534276387377584, 0.585], [0.8563656147986942, 0.408], [0.46681175190424373, 0.386], [0.6213275299238302, 0.462], [0.5767138193688792, 0.412]]",d3_03_12_2024
9,03_12_2024_IMG_165.jpg,"[90, 2090, 844, 2682]","[[0.4232861806311208, 0.149], [0.545157780195865, 0.857], [0.1251360174102285, 0.585], [0.8683351468988031, 0.407], [0.6441784548422198, 0.334]]",d3_03_12_2024
10,03_12_2024_IMG_166.jpg,"[90, 2090, 844, 2682]","[[0.4232861806311208, 0.149], [0.545157780195865, 0.857], [0.1251360174102285, 0.585], [0.8683351468988031, 0.407], [0.6441784548422198, 0.334], [0.5375408052230686, 0.428]]",d3_03_12_2024
11,03_12_2024_IMG_167.jpg,"[90, 2090, 844, 2682]","[[0.4232861806311208, 0.149], [0.545157780195865, 0.857], [0.1251360174102285, 0.585], [0.8683351468988031, 0.407], [0.6441784548422198, 0.334], [0.5375408052230686, 0.428], [0.6322089227421109, 0.375]]",d3_03_12_2024
12,03_12_2024_IMG_168.jpg,"[90, 2090, 844, 2682]","[[0.4232861806311208, 0.149], [0.545157780195865, 0.857], [0.1251360174102285, 0.585], [0.8683351468988031, 0.407], [0.3808487486398259, 0.557]]",d3_03_12_2024
13,03_12_2024_IMG_169.jpg,"[90, 2090, 844, 2682]","[[0.4232861806311208, 0.149], [0.545157780195865, 0.857], [0.1251360174102285, 0.585], [0.8683351468988031, 0.407], [0.3808487486398259, 0.557], [0.44178454842219805, 0.468]]",d3_03_12_2024
14,03_12_2024_IMG_170.jpg,"[90, 2090, 844, 2682]","[[0.4232861806311208, 0.149], [0.545157780195865, 0.857], [0.1251360174102285, 0.585], [0.8683351468988031, 0.407], [0.3808487486398259, 0.557], [0.44178454842219805, 0.468], [0.4363438520130577, 0.42]]",d3_03_12_2024
15,03_12_2024_IMG_171.jpg,"[90, 2090, 844, 2682]","[[0.4232861806311208, 0.149], [0.545157780195865, 0.857], [0.1251360174102285, 0.585], [0.8683351468988031, 0.407], [0.3133841131664853, 0.387]]",d3_03_12_2024
16,03_12_2024_IMG_172.jpg,"[90, 2090, 844, 2682]","[[0.4232861806311208, 0.149], [0.545157780195865, 0.857], [0.1251360174102285, 0.585], [0.8683351468988031, 0.407], [0.3133841131664853, 0.387], [0.4472252448313384, 0.462]]",d3_03_12_2024
17,03_12_2024_IMG_173.jpg,"[90, 2090, 844, 2682]","[[0.4232861806311208, 0.149], [0.545157780195865, 0.857], [0.1251360174102285, 0.585], [0.8683351468988031, 0.407], [0.3133841131664853, 0.387], [0.4472252448313384, 0.462], [0.36887921653971706, 0.595]]",d3_03_12_2024
18,03_12_2024_IMG_174.jpg,"[90, 2090, 844, 2682]","[[0.4232861806311208, 0.149], [0.545157780195865, 0.857], [0.1251360174102285, 0.585], [0.8683351468988031, 0.407], [0.6463547334058759, 0.351]]",d3_03_12_2024
19,03_12_2024_IMG_175.jpg,"[90, 2090, 844, 2682]","[[0.4232861806311208, 0.149], [0.545157780195865, 0.857], [0.1251360174102285, 0.585], [0.8683351468988031, 0.407], [0.6463547334058759, 0.351], [0.5527747551686616, 0.292]]",d3_03_12_2024
20,03_12_2024_IMG_176.jpg,"[90, 2090, 844, 2682]","[[0.4232861806311208, 0.149], [0.545157780195865, 0.857], [0.1251360174102285, 0.585], [0.8683351468988031, 0.407], [0.6463547334058759, 0.351], [0.5527747551686616, 0.292], [0.6180631120783461, 0.356]]",d3_03_12_2024
21,03_12_2024_IMG_177.jpg,"[90, 2090, 844, 2682]","[[0.4276387377584331, 0.149], [0.5484221980413493, 0.858], [0.13275299238302501, 0.586], [0.8694232861806311, 0.409], [0.721436343852013, 0.142]]",d3_03_12_2024
22,03_12_2024_IMG_178.jpg,"[90, 2090, 844, 2682]","[[0.4276387377584331, 0.149], [0.5484221980413493, 0.858], [0.13275299238302501, 0.586], [0.8694232861806311, 0.409], [0.721436343852013, 0.142], [0.5505984766050055, 0.401]]",d3_03_12_2024
23,03_12_2024_IMG_179.jpg,"[90, 2090, 844, 2682]","[[0.4276387377584331, 0.149], [0.5484221980413493, 0.858], [0.13275299238302501, 0.586], [0.8694232861806311, 0.409], [0.721436343852013, 0.142], [0.5505984766050055, 0.401], [0.573449401523395, 0.18]]",d3_03_12_2024
24,03_12_2024_IMG_180.jpg,"[90, 2090, 844, 2682]","[[0.4276387377584331, 0.149], [0.5484221980413493, 0.858], [0.13275299238302501, 0.586], [0.8694232861806311, 0.409], [0.49836779107725787, 0.502]]",d3_03_12_2024
25,03_12_2024_IMG_181.jpg,"[90, 2090, 844, 2682]","[[0.4276387377584331, 0.149], [0.5484221980413493, 0.858], [0.13275299238302501, 0.586], [0.8694232861806311, 0.409], [0.49836779107725787, 0.502], [0.544069640914037, 0.424]]",d3_03_12_2024
26,03_12_2024_IMG_182.jpg,"[90, 2090, 844, 2682]","[[0.4276387377584331, 0.149], [0.5484221980413493, 0.858], [0.13275299238302501, 0.586], [0.8694232861806311, 0.409], [0.49836779107725787, 0.502], [0.544069640914037, 0.424], [0.4776931447225245, 0.385]]",d3_03_12_2024
27,03_12_2024_IMG_183.jpg,"[90, 2090, 844, 2682]","[[0.4276387377584331, 0.149], [0.5484221980413493, 0.858], [0.13275299238302501, 0.586], [0.8694232861806311, 0.409], [0.42981501632208924, 0.345]]",d3_03_12_2024
28,03_12_2024_IMG_184.jpg,"[90, 2090, 844, 2682]","[[0.4276387377584331, 0.149], [0.5484221980413493, 0.858], [0.13275299238302501, 0.586], [0.8694232861806311, 0.409], [0.42981501632208924, 0.345], [0.4309031556039173, 0.354]]",d3_03_12_2024
29,03_12_2024_IMG_185.jpg,"[90, 2090, 844, 2682]","[[0.4276387377584331, 0.149], [0.5484221980413493, 0.858], [0.13275299238302501, 0.586], [0.8694232861806311, 0.409], [0.42981501632208924, 0.345], [0.4309031556039173, 0.354], [0.5168661588683352, 0.362]]",d3_03_12_2024
30,03_12_2024_IMG_186.jpg,"[90, 2090, 844, 2682]","[[0.4276387377584331, 0.149], [0.5484221980413493, 0.858], [0.13275299238302501, 0.586], [0.8694232861806311, 0.409], [0.499455930359086, 0.267]]",d3_03_12_2024
31,03_12_2024_IMG_187.jpg,"[90, 2090, 844, 2682]","[[0.4276387377584331, 0.149], [0.5484221980413493, 0.858], [0.13275299238302501, 0.586], [0.8694232861806311, 0.409], [0.499455930359086, 0.267], [0.5788900979325353, 0.228]]",d3_03_12_2024
32,03_12_2024_IMG_188.jpg,"[90, 2090, 844, 2682]","[[0.4276387377584331, 0.149], [0.5484221980413493, 0.858], [0.13275299238302501, 0.586], [0.8694232861806311, 0.409], [0.499455930359086, 0.267], [0.5788900979325353, 0.228], [0.5168661588683352, 0.287]]",d3_03_12_2024
33,03_12_2024_IMG_189.jpg,"[90, 2090, 844, 2682]","[[0.42546245919477693, 0.153], [0.5484221980413493, 0.862], [0.1305767138193689, 0.59], [0.8705114254624592, 0.413], [0.5690968443960827, 0.378]]",d3_03_12_2024
34,03_12_2024_IMG_190.jpg,"[90, 2090, 844, 2682]","[[0.42546245919477693, 0.153], [0.5484221980413493, 0.862], [0.1305767138193689, 0.59], [0.8705114254624592, 0.413], [0.5690968443960827, 0.378], [0.4940152339499456, 0.387]]",d3_03_12_2024
35,03_12_2024_IMG_191.jpg,"[90, 2090, 844, 2682]","[[0.42546245919477693, 0.153], [0.5484221980413493, 0.862], [0.1305767138193689, 0.59], [0.8705114254624592, 0.413], [0.5690968443960827, 0.378], [0.4940152339499456, 0.387], [0.4091403699673558, 0.315]]",d3_03_12_2024
36,03_12_2024_IMG_192.jpg,"[90, 2090, 844, 2682]","[[0.42546245919477693, 0.153], [0.5484221980413493, 0.862], [0.1305767138193689, 0.59], [0.8705114254624592, 0.413], [0.30903155603917304, 0.225]]",d3_03_12_2024
37,03_12_2024_IMG_193.jpg,"[90, 2090, 844, 2682]","[[0.42546245919477693, 0.153], [0.5484221980413493, 0.862], [0.1305767138193689, 0.59], [0.8705114254624592, 0.413], [0.30903155603917304, 0.225], [0.4396082698585419, 0.285]]",d3_03_12_2024
38,03_12_2024_IMG_194.jpg,"[90, 2090, 844, 2682]","[[0.42546245919477693, 0.153], [0.5484221980413493, 0.862], [0.1305767138193689, 0.59], [0.8705114254624592, 0.413], [0.30903155603917304, 0.225], [0.4396082698585419, 0.285], [0.5103373231773667, 0.524]]",d3_03_12_2024
39,03_12_2024_IMG_195.jpg,"[90, 2090, 844, 2682]","[[0.42546245919477693, 0.153], [0.5484221980413493, 0.862], [0.1305767138193689, 0.59], [0.8705114254624592, 0.413], [0.5745375408052231, 0.395]]",d3_03_12_2024
40,03_12_2024_IMG_196.jpg,"[90, 2090, 844, 2682]","[[0.42546245919477693, 0.153], [0.5484221980413493, 0.862], [0.1305767138193689, 0.59], [0.8705114254624592, 0.413], [0.5745375408052231, 0.395], [0.5745375408052231, 0.48]]",d3_03_12_2024
41,03_12_2024_IMG_197.jpg,"[90, 2090, 844, 2682]","[[0.42546245919477693, 0.153], [0.5484221980413493, 0.862], [0.1305767138193689, 0.59], [0.8705114254624592, 0.413], [0.5745375408052231, 0.395], [0.5745375408052231, 0.48], [0.3471164309031556, 0.352]]",d3_03_12_2024
42,03_12_2024_IMG_198.jpg,"[90, 2090, 844, 2682]","[[0.42546245919477693, 0.153], [0.5484221980413493, 0.862], [0.1305767138193689, 0.59], [0.8705114254624592, 0.413], [0.45375408052230687, 0.345]]",d3_03_12_2024
43,03_12_2024_IMG_199.jpg,"[90, 2090, 844, 2682]","[[0.42546245919477693, 0.153], [0.5484221980413493, 0.862], [0.1305767138193689, 0.59], [0.8705114254624592, 0.413], [0.45375408052230687, 0.345], [0.46681175190424373, 0.366]]",d3_03_12_2024
44,03_12_2024_IMG_200.jpg,"[90, 2090, 844, 2682]","[[0.42546245919477693, 0.153], [0.5484221980413493, 0.862], [0.1305767138193689, 0.59], [0.8705114254624592, 0.413], [0.45375408052230687, 0.345], [0.46681175190424373, 0.366], [0.4515778019586507, 0.244]]",d3_03_12_2024
45,03_12_2024_IMG_201.jpg,"[90, 2090, 844, 2682]","[[0.426550598476605, 0.147], [0.5495103373231773, 0.857], [0.13166485310119697, 0.585], [0.8705114254624592, 0.407], [0.4309031556039173, 0.337]]",d3_03_12_2024
46,03_12_2024_IMG_202.jpg,"[90, 2090, 844, 2682]","[[0.426550598476605, 0.147], [0.5495103373231773, 0.857], [0.13166485310119697, 0.585], [0.8705114254624592, 0.407], [0.4309031556039173, 0.337], [0.5484221980413493, 0.329]]",d3_03_12_2024
47,03_12_2024_IMG_203.jpg,"[90, 2090, 844, 2682]","[[0.426550598476605, 0.147], [0.5495103373231773, 0.857], [0.13166485310119697, 0.585], [0.8705114254624592, 0.407], [0.4309031556039173, 0.337], [0.5484221980413493, 0.329], [0.5505984766050055, 0.391]]",d3_03_12_2024
48,03_12_2024_IMG_204.jpg,"[90, 2090, 844, 2682]","[[0.426550598476605, 0.147], [0.5495103373231773, 0.857], [0.13166485310119697, 0.585], [0.8705114254624592, 0.407], [0.5832426550598476, 0.345]]",d3_03_12_2024
49,03_12_2024_IMG_205.jpg,"[90, 2090, 844, 2682]","[[0.426550598476605, 0.147], [0.5495103373231773, 0.857], [0.13166485310119697, 0.585], [0.8705114254624592, 0.407], [0.5832426550598476, 0.345], [0.3982589771490751, 0.393]]",d3_03_12_2024
50,03_12_2024_IMG_206.jpg,"[90, 2090, 844, 2682]","[[0.426550598476605, 0.147], [0.5495103373231773, 0.857], [0.13166485310119697, 0.585], [0.8705114254624592, 0.407], [0.5832426550598476, 0.345], [0.3982589771490751, 0.393], [0.5212187159956474, 0.31]]",d3_03_12_2024
51,03_12_2024_IMG_207.jpg,"[90, 2090, 844, 2682]","[[0.426550598476605, 0.147], [0.5495103373231773, 0.857], [0.13166485310119697, 0.585], [0.8705114254624592, 0.407], [0.48748639825897716, 0.31]]",d3_03_12_2024
52,03_12_2024_IMG_208.jpg,"[90, 2090, 844, 2682]","[[0.426550598476605, 0.147], [0.5495103373231773, 0.857], [0.13166485310119697, 0.585], [0.8705114254624592, 0.407], [0.48748639825897716, 0.31], [0.4776931447225245, 0.505]]",d3_03_12_2024
53,03_12_2024_IMG_209.jpg,"[90, 2090, 844, 2682]","[[0.426550598476605, 0.147], [0.5495103373231773, 0.857], [0.13166485310119697, 0.585], [0.8705114254624592, 0.407], [0.48748639825897716, 0.31], [0.4776931447225245, 0.505], [0.49510337323177367, 0.406]]",d3_03_12_2024
54,03_12_2024_IMG_210.jpg,"[90, 2090, 844, 2682]","[[0.426550598476605, 0.147], [0.5495103373231773, 0.857], [0.13166485310119697, 0.585], [0.8705114254624592, 0.407], [0.4015233949945593, 0.763]]",d3_03_12_2024
55,03_12_2024_IMG_211.jpg,"[90, 2090, 844, 2682]","[[0.426550598476605, 0.147], [0.5495103373231773, 0.857], [0.13166485310119697, 0.585], [0.8705114254624592, 0.407], [0.4015233949945593, 0.763], [0.470076169749728, 0.642]]",d3_03_12_2024
56,03_12_2024_IMG_212.jpg,"[90, 2090, 844, 2682]","[[0.426550598476605, 0.147], [0.5495103373231773, 0.857], [0.13166485310119697, 0.585], [0.8705114254624592, 0.407], [0.4015233949945593, 0.763], [0.470076169749728, 0.642], [0.4733405875952122, 0.739]]",d3_03_12_2024
57,03_12_2024_IMG_213.jpg,"[90, 2090, 844, 2682]","[[0.426550598476605, 0.147], [0.5495103373231773, 0.857], [0.13166485310119697, 0.585], [0.8705114254624592, 0.407], [0.545157780195865, 0.114]]",d3_03_12_2024
58,03_12_2024_IMG_214.jpg,"[90, 2090, 844, 2682]","[[0.426550598476605, 0.147], [0.5495103373231773, 0.857], [0.13166485310119697, 0.585], [0.8705114254624592, 0.407], [0.545157780195865, 0.114], [0.573449401523395, 0.386]]",d3_03_12_2024
59,03_12_2024_IMG_215.jpg,"[90, 2090, 844, 2682]","[[0.426550598476605, 0.147], [0.5495103373231773, 0.857], [0.13166485310119697, 0.585], [0.8705114254624592, 0.407], [0.545157780195865, 0.114], [0.573449401523395, 0.386], [0.470076169749728, 0.18]]",d3_03_12_2024
60,03_12_2024_IMG_216.jpg,"[90, 2090, 844, 2682]","[[0.426550598476605, 0.147], [0.5495103373231773, 0.857], [0.13166485310119697, 0.585], [0.8705114254624592, 0.407], [0.41893362350380847, 0.165]]",d3_03_12_2024
61,03_12_2024_IMG_217.jpg,"[90, 2090, 844, 2682]","[[0.426550598476605, 0.147], [0.5495103373231773, 0.857], [0.13166485310119697, 0.585], [0.8705114254624592, 0.407], [0.41893362350380847, 0.165], [0.44178454842219805, 0.242]]",d3_03_12_2024
62,03_12_2024_IMG_218.jpg,"[90, 2090, 844, 2682]","[[0.426550598476605, 0.147], [0.5495103373231773, 0.857], [0.13166485310119697, 0.585], [0.8705114254624592, 0.407], [0.41893362350380847, 0.165], [0.44178454842219805, 0.242], [0.5941240478781284, 0.463]]",d3_03_12_2024
63,03_12_2024_IMG_219.jpg,"[90, 2090, 844, 2682]","[[0.43307943416757344, 0.15], [0.5527747551686616, 0.858], [0.13710554951033732, 0.588], [0.8781284004352558, 0.409], [0.4657236126224157, 0.36]]",d3_03_12_2024
64,03_12_2024_IMG_220.jpg,"[90, 2090, 844, 2682]","[[0.43307943416757344, 0.15], [0.5527747551686616, 0.858], [0.13710554951033732, 0.588], [0.8781284004352558, 0.409], [0.4657236126224157, 0.36], [0.4972796517954298, 0.471]]",d3_03_12_2024
65,03_12_2024_IMG_221.jpg,"[90, 2090, 844, 2682]","[[0.43307943416757344, 0.15], [0.5527747551686616, 0.858], [0.13710554951033732, 0.588], [0.8781284004352558, 0.409], [0.4657236126224157, 0.36], [0.4972796517954298, 0.471], [0.4548422198041349, 0.375]]",d3_03_12_2024
66,03_12_2024_IMG_222.jpg,"[90, 2090, 844, 2682]","[[0.43307943416757344, 0.15], [0.5527747551686616, 0.858], [0.13710554951033732, 0.588], [0.8781284004352558, 0.409], [0.3590859630032644, 0.71]]",d3_03_12_2024
67,03_12_2024_IMG_223.jpg,"[90, 2090, 844, 2682]","[[0.43307943416757344, 0.15], [0.5527747551686616, 0.858], [0.13710554951033732, 0.588], [0.8781284004352558, 0.409], [0.3590859630032644, 0.71], [0.24374319912948858, 0.369]]",d3_03_12_2024
68,03_12_2024_IMG_224.jpg,"[90, 2090, 844, 2682]","[[0.43307943416757344, 0.15], [0.5527747551686616, 0.858], [0.13710554951033732, 0.588], [0.8781284004352558, 0.409], [0.3590859630032644, 0.71], [0.24374319912948858, 0.369], [0.528835690968444, 0.206]]",d3_03_12_2024
69,03_12_2024_IMG_225.jpg,"[90, 2090, 844, 2682]","[[0.43307943416757344, 0.15], [0.5527747551686616, 0.858], [0.13710554951033732, 0.588], [0.8781284004352558, 0.409], [0.4385201305767138, 0.321]]",d3_03_12_2024
70,03_12_2024_IMG_226.jpg,"[90, 2090, 844, 2682]","[[0.43307943416757344, 0.15], [0.5527747551686616, 0.858], [0.13710554951033732, 0.588], [0.8781284004352558, 0.409], [0.4385201305767138, 0.321], [0.6202393906420022, 0.4]]",d3_03_12_2024
71,03_12_2024_IMG_227.jpg,"[90, 2090, 844, 2682]","[[0.43307943416757344, 0.15], [0.5527747551686616, 0.858], [0.13710554951033732, 0.588], [0.8781284004352558, 0.409], [0.4385201305767138, 0.321], [0.6202393906420022, 0.4], [0.42219804134929273, 0.721]]",d3_03_12_2024
72,03_12_2024_IMG_228.jpg,"[90, 2090, 844, 2682]","[[0.43307943416757344, 0.15], [0.5527747551686616, 0.858], [0.13710554951033732, 0.588], [0.8781284004352558, 0.409], [0.8030467899891186, 0.514]]",d3_03_12_2024
73,03_12_2024_IMG_229.jpg,"[90, 2090, 844, 2682]","[[0.43307943416757344, 0.15], [0.5527747551686616, 0.858], [0.13710554951033732, 0.588], [0.8781284004352558, 0.409], [0.8030467899891186, 0.514], [0.338411316648531, 0.83]]",d3_03_12_2024
74,03_12_2024_IMG_230.jpg,"[90, 2090, 844, 2682]","[[0.43307943416757344, 0.15], [0.5527747551686616, 0.858], [0.13710554951033732, 0.588], [0.8781284004352558, 0.409], [0.8030467899891186, 0.514], [0.338411316648531, 0.83], [0.5038084874863983, 0.495]]",d3_03_12_2024
75,03_12_2024_IMG_231.jpg,"[90, 2090, 844, 2682]","[[0.43307943416757344, 0.15], [0.5527747551686616, 0.858], [0.13710554951033732, 0.588], [0.8781284004352558, 0.409], [0.18607181719260066, 0.805]]",d3_03_12_2024
76,03_12_2024_IMG_232.jpg,"[90, 2090, 844, 2682]","[[0.43307943416757344, 0.15], [0.5527747551686616, 0.858], [0.13710554951033732, 0.588], [0.8781284004352558, 0.409], [0.18607181719260066, 0.805], [0.3754080522306855, 0.679]]",d3_03_12_2024
77,03_12_2024_IMG_233.jpg,"[90, 2090, 844, 2682]","[[0.43307943416757344, 0.145], [0.5549510337323177, 0.856], [0.13710554951033732, 0.584], [0.8781284004352558, 0.405], [0.18715995647442873, 0.805], [0.3764961915125136, 0.681], [0.09684439608269858, 0.614]]",d3_03_12_2024
78,03_12_2024_IMG_234.jpg,"[90, 2090, 844, 2682]","[[0.43307943416757344, 0.145], [0.5549510337323177, 0.856], [0.13710554951033732, 0.584], [0.8781284004352558, 0.405], [0.9238302502720348, 0.544]]",d3_03_12_2024
79,03_12_2024_IMG_235.jpg,"[90, 2090, 844, 2682]","[[0.43307943416757344, 0.145], [0.5549510337323177, 0.856], [0.13710554951033732, 0.584], [0.8781284004352558, 0.405], [0.9238302502720348, 0.544], [0.763873775843308, 0.568]]",d3_03_12_2024
80,03_12_2024_IMG_236.jpg,"[90, 2090, 844, 2682]","[[0.43307943416757344, 0.145], [0.5549510337323177, 0.856], [0.13710554951033732, 0.584], [0.8781284004352558, 0.405], [0.9238302502720348, 0.544], [0.763873775843308, 0.568], [0.30903155603917304, 0.197]]",d3_03_12_2024
81,03_12_2024_IMG_237.jpg,"[90, 2090, 844, 2682]","[[0.43307943416757344, 0.145], [0.5549510337323177, 0.856], [0.13710554951033732, 0.584], [0.8781284004352558, 0.405], [0.26332970620239393, 0.566]]",d3_03_12_2024
82,03_12_2024_IMG_238.jpg,"[90, 2090, 844, 2682]","[[0.43307943416757344, 0.145], [0.5549510337323177, 0.856], [0.13710554951033732, 0.584], [0.8781284004352558, 0.405], [0.26332970620239393, 0.566], [0.8019586507072906, 0.274]]",d3_03_12_2024
83,03_12_2024_IMG_239.jpg,"[90, 2090, 844, 2682]","[[0.43307943416757344, 0.145], [0.5549510337323177, 0.856], [0.13710554951033732, 0.584], [0.8781284004352558, 0.405], [0.4352557127312296, 0.466]]",d3_03_12_2024
84,03_12_2024_IMG_240.jpg,"[90, 2090, 844, 2682]","[[0.43307943416757344, 0.145], [0.5549510337323177, 0.856], [0.13710554951033732, 0.584], [0.8781284004352558, 0.405], [0.4352557127312296, 0.466], [0.4363438520130577, 0.366]]",d3_03_12_2024
85,03_12_2024_IMG_241.jpg,"[90, 2090, 844, 2682]","[[0.43307943416757344, 0.145], [0.5549510337323177, 0.856], [0.13710554951033732, 0.584], [0.8781284004352558, 0.405], [0.4352557127312296, 0.466], [0.4363438520130577, 0.366], [0.6245919477693145, 0.646]]",d3_03_12_2024
0,PXL_20241225_140329065.jpg,"[64, 2062, 776, 2774]","[[0.43043043043043044, 0.14614614614614616], [0.5455455455455456, 0.8688688688688688], [0.15515515515515516, 0.5915915915915916], [0.8478478478478478, 0.4094094094094094]]",d3_25_12_2024_easy1
1,PXL_20241225_140337986.jpg,"[64, 2062, 776, 2774]","[[0.43043043043043044, 0.14614614614614616], [0.5455455455455456, 0.8688688688688688], [0.15515515515515516, 0.5915915915915916], [0.8478478478478478, 0.4094094094094094], [0.4904904904904905, 0.2092092092092092]]",d3_25_12_2024_easy1
2,PXL_20241225_140344997.jpg,"[64, 2062, 776, 2774]","[[0.4294294294294294, 0.14714714714714713], [0.5455455455455456, 0.8718718718718719], [0.15515515515515516, 0.5945945945945946], [0.8468468468468469, 0.4114114114114114], [0.2122122122122122, 0.6266266266266266]]",d3_25_12_2024_easy1
3,PXL_20241225_140350553.jpg,"[64, 2062, 776, 2774]","[[0.4294294294294294, 0.14714714714714713], [0.5455455455455456, 0.8718718718718719], [0.15515515515515516, 0.5945945945945946], [0.8468468468468469, 0.4114114114114114], [0.1971971971971972, 0.5355355355355356]]",d3_25_12_2024_easy1
4,PXL_20241225_140358087.jpg,"[64, 2062, 776, 2774]","[[0.4294294294294294, 0.14714714714714713], [0.5455455455455456, 0.8718718718718719], [0.15415415415415415, 0.5935935935935935], [0.8458458458458459, 0.41041041041041043], [0.22522522522522523, 0.7387387387387387]]",d3_25_12_2024_easy1
5,PXL_20241225_140405361.jpg,"[64, 2062, 776, 2774]","[[0.4294294294294294, 0.14714714714714713], [0.5455455455455456, 0.8718718718718719], [0.15415415415415415, 0.5935935935935935], [0.8458458458458459, 0.41041041041041043], [0.17217217217217218, 0.6406406406406406]]",d3_25_12_2024_easy1
6,PXL_20241225_140412940.jpg,"[64, 2062, 776, 2774]","[[0.4294294294294294, 0.14714714714714713], [0.5455455455455456, 0.8718718718718719], [0.15415415415415415, 0.5935935935935935], [0.8458458458458459, 0.41041041041041043], [0.15915915915915915, 0.5425425425425425]]",d3_25_12_2024_easy1
7,PXL_20241225_140418756.jpg,"[64, 2062, 776, 2774]","[[0.4294294294294294, 0.14614614614614616], [0.5435435435435435, 0.8708708708708709], [0.15315315315315314, 0.5935935935935935], [0.8468468468468469, 0.41041041041041043], [0.7327327327327328, 0.6646646646646647]]",d3_25_12_2024_easy1
8,PXL_20241225_140424861.jpg,"[64, 2062, 776, 2774]","[[0.4294294294294294, 0.14614614614614616], [0.5435435435435435, 0.8708708708708709], [0.15315315315315314, 0.5935935935935935], [0.8468468468468469, 0.41041041041041043], [0.7727727727727728, 0.6936936936936937]]",d3_25_12_2024_easy1
9,PXL_20241225_140431441.jpg,"[64, 2062, 776, 2774]","[[0.4294294294294294, 0.14614614614614616], [0.5435435435435435, 0.8708708708708709], [0.15315315315315314, 0.5935935935935935], [0.8468468468468469, 0.41041041041041043], [0.8238238238238238, 0.5825825825825826]]",d3_25_12_2024_easy1
10,PXL_20241225_140438290.jpg,"[64, 2062, 776, 2774]","[[0.4294294294294294, 0.14614614614614616], [0.5435435435435435, 0.8708708708708709], [0.15315315315315314, 0.5935935935935935], [0.8468468468468469, 0.41041041041041043], [0.6596596596596597, 0.6206206206206206]]",d3_25_12_2024_easy1
11,PXL_20241225_140444399.jpg,"[64, 2062, 776, 2774]","[[0.4294294294294294, 0.14614614614614616], [0.5435435435435435, 0.8708708708708709], [0.15315315315315314, 0.5935935935935935], [0.8468468468468469, 0.41041041041041043], [0.4874874874874875, 0.5065065065065065]]",d3_25_12_2024_easy1
12,PXL_20241225_140450596.jpg,"[64, 2062, 776, 2774]","[[0.4294294294294294, 0.14614614614614616], [0.5435435435435435, 0.8708708708708709], [0.15315315315315314, 0.5935935935935935], [0.8468468468468469, 0.41041041041041043], [0.5005005005005005, 0.5245245245245245]]",d3_25_12_2024_easy1
13,PXL_20241225_140500649.jpg,"[64, 2062, 776, 2774]","[[0.4294294294294294, 0.14614614614614616], [0.5435435435435435, 0.8708708708708709], [0.15315315315315314, 0.5935935935935935], [0.8468468468468469, 0.41041041041041043], [0.4854854854854855, 0.8698698698698699]]",d3_25_12_2024_easy1
14,PXL_20241225_140510281.jpg,"[64, 2062, 776, 2774]","[[0.42842842842842843, 0.14414414414414414], [0.5425425425425425, 0.8698698698698699], [0.15215215215215216, 0.5905905905905906], [0.8458458458458459, 0.4084084084084084], [0.7277277277277278, 0.2922922922922923]]",d3_25_12_2024_easy1
15,PXL_20241225_140543661.jpg,"[64, 2062, 776, 2774]","[[0.42242242242242245, 0.14014014014014015], [0.5375375375375375, 0.8628628628628628], [0.14514514514514515, 0.5865865865865866], [0.8398398398398398, 0.4044044044044044], [0.46846846846846846, 0.21021021021021022]]",d3_25_12_2024_easy1
16,PXL_20241225_140551455.jpg,"[64, 2062, 776, 2774]","[[0.42242242242242245, 0.14014014014014015], [0.5375375375375375, 0.8628628628628628], [0.14514514514514515, 0.5865865865865866], [0.8398398398398398, 0.4044044044044044], [0.25725725725725723, 0.6886886886886887]]",d3_25_12_2024_easy1
17,PXL_20241225_140557449.jpg,"[64, 2062, 776, 2774]","[[0.42242242242242245, 0.14014014014014015], [0.5375375375375375, 0.8628628628628628], [0.14514514514514515, 0.5865865865865866], [0.8398398398398398, 0.4044044044044044], [0.6476476476476476, 0.7187187187187187]]",d3_25_12_2024_easy1
18,PXL_20241225_140602596.jpg,"[64, 2062, 776, 2774]","[[0.42242242242242245, 0.14014014014014015], [0.5375375375375375, 0.8628628628628628], [0.14514514514514515, 0.5865865865865866], [0.8398398398398398, 0.4044044044044044], [0.16616616616616617, 0.6326326326326326]]",d3_25_12_2024_easy1
19,PXL_20241225_140607202.jpg,"[64, 2062, 776, 2774]","[[0.42242242242242245, 0.14014014014014015], [0.5375375375375375, 0.8628628628628628], [0.14514514514514515, 0.5865865865865866], [0.8398398398398398, 0.4044044044044044], [0.15015015015015015, 0.5335335335335335]]",d3_25_12_2024_easy1
20,PXL_20241225_140612077.jpg,"[64, 2062, 776, 2774]","[[0.42242242242242245, 0.14014014014014015], [0.5375375375375375, 0.8628628628628628], [0.14514514514514515, 0.5865865865865866], [0.8398398398398398, 0.4044044044044044], [0.8318318318318318, 0.47847847847847846]]",d3_25_12_2024_easy1
21,PXL_20241225_140616802.jpg,"[64, 2062, 776, 2774]","[[0.42242242242242245, 0.14014014014014015], [0.5375375375375375, 0.8628628628628628], [0.14514514514514515, 0.5865865865865866], [0.8398398398398398, 0.4044044044044044], [0.4794794794794795, 0.5025025025025025]]",d3_25_12_2024_easy1
